/*
SQLyog Ultimate v11.24 (32 bit)
MySQL - 5.5.54 : Database - graduate
*********************************************************************
*/

/*!40101 SET NAMES utf8 */;

/*!40101 SET SQL_MODE=''*/;

/*!40014 SET @OLD_UNIQUE_CHECKS=@@UNIQUE_CHECKS, UNIQUE_CHECKS=0 */;
/*!40014 SET @OLD_FOREIGN_KEY_CHECKS=@@FOREIGN_KEY_CHECKS, FOREIGN_KEY_CHECKS=0 */;
/*!40101 SET @OLD_SQL_MODE=@@SQL_MODE, SQL_MODE='NO_AUTO_VALUE_ON_ZERO' */;
/*!40111 SET @OLD_SQL_NOTES=@@SQL_NOTES, SQL_NOTES=0 */;
CREATE DATABASE /*!32312 IF NOT EXISTS*/`graduate` /*!40100 DEFAULT CHARACTER SET utf8 */;

USE `graduate`;

/*Table structure for table `administor` */

DROP TABLE IF EXISTS `administor`;

CREATE TABLE `administor` (
  `aNumber` VARCHAR(20) NOT NULL,
  `Name` VARCHAR(20) NOT NULL,
  `Pwd` VARCHAR(15) NOT NULL,
  `status` INT(1) NOT NULL,
  PRIMARY KEY (`aNumber`)
) ENGINE=INNODB DEFAULT CHARSET=utf8;

/*Data for the table `administor` */

INSERT  INTO `administor`(`aNumber`,`Name`,`Pwd`,`status`) VALUES ('1001','zhangsan','123456',1),('1002','lishi','123456',1),('1003','wangwu','123456',1),('1004','zhaoliu','123456',1),('1005','tianqi','123456',1);

/*Table structure for table `department` */

DROP TABLE IF EXISTS `department`;

CREATE TABLE `department` (
  `cNumber` VARCHAR(20) NOT NULL,
  `dName` VARCHAR(30) NOT NULL,
  `dDec` VARCHAR(500) DEFAULT NULL,
  PRIMARY KEY (`cNumber`),
  KEY `dName` (`dName`)
) ENGINE=INNODB DEFAULT CHARSET=utf8;

/*Data for the table `department` */

INSERT  INTO `department`(`cNumber`,`dName`,`dDec`) VALUES ('001','妇产科','妇产科是临床医学四大主要学科之一，主要研究女性生殖器官疾病的病因、病理、诊断及防治，妊娠、分娩的生理和病理变化，高危妊娠及难产的预防和诊治，女性生殖内分分泌，计划生育及妇女保健等。'),('002','儿科','儿科是全面研究小儿时期身心发育、保健以及疾病防治的综合医学科学。凡涉及儿童和青少年时期的健康与卫生问题都属于儿科范围。其医治对象处于生长发育期。'),('003','耳鼻喉科','“耳鼻咽喉科”是诊断治疗耳、鼻、咽、喉、及其相关头颈区域的外科学科。随着科技的进步与发展，医学各科相互渗透和促进，拓展了耳鼻咽喉科的范畴，耳显微外科，耳神经外科，侧颅底外科，听力学及平衡科学，鼻内镜外科，鼻神经外科（鼻颅底... '),('005','口腔科','口腔科，医学学科分类之一。主要口腔科疾病包括：口腔颌面部皮样、表皮颌下间隙感染、颌面部淋巴管瘤、齿状突发育畸形、上颌窦恶性肿瘤、颌骨造釉细胞瘤、慢性筛窦炎、下颌后缩、四环素牙、舌白斑等疾病'),('006','变态反应科','变态反应科（也叫过敏科），治疗过敏引起的疾病。如急慢性荨麻疹，过敏性皮疹，，过敏性肺炎、哮喘， 急慢性药疹，各种过敏引起的休克，过敏性紫癜，紫癜性肾炎，过敏性结膜炎、湿 疹，各种化装品、烫发等过敏性疾病。'),('007','协和眼科','近视眼手术，一般指准分子激光治疗近视手术，所谓准分子激光，是指受激二聚体所产生的激光。之所以产生称为准分子，是因为它不是稳定的分子，是在激光混合气体受到外来能量的激... '),('008','中医科','安全、副作用少：由于中药外治是施于体表，它可以随时观察其适应和耐受情况而决定去留，不会像内服药物，如不对症，发生副作用时处理比较复杂，外治只要施治配药得当，是比较安全的，一般很少有副...'),('009','病案科','病案室，即病案科，该部门的工作主要是对已出院病人的病案，通过病案管理的方法进行分类、建档，从而达到科学的管理。病案科通过病案资料传递医学情报，在医学科... '),('010','检验科','检验科进行临床检验 临床检验主要是运用物理学、化学和生物学等的实验方法对各种标本(包括血液和其他体液标本、分泌物标本、排泄物标本以及组织标本等)进行...'),('011','放射科','放射科是医院重要的辅助检查科室，在现代医院建设中，放射科是一个集检查、诊断、治疗于一体的科室，临床各科许多疾病都须通过放射科设备检查达到明确诊断和辅助诊断。放射科的... '),('012','理疗科','理疗就是利用人工或自然界物理因素作用于人体，使之产生有利的反应，达到预防和治疗疾病目的的方法，是康复治疗的重要内容。理疗学是一门既古老又年轻的学科，公元前7000年的石器时代，当时原始人利用阳光、砭石、石针、水和按摩等治疗疾病，维护健康。我国以及古希腊、埃及、罗马的早期文献、记载阳光... '),('013','护士科',' 小结护理工作者应该承担起中国健康科 普工作的重任。护理管理者应发挥领导 作用,做好护理科普工作的组织和策划, 加强护理队伍科普能力建设;充分发挥 ...'),('014','心脑血管内科','心脑血管疾病是心脏血管和脑血管疾病的统称,泛指由于高脂血症、血液黏稠、动脉粥样硬化、高血压等所导致的心脏、大脑及全身组织发生的缺血性或出血性疾病。'),('015','肾病、糠尿病科','糖尿病肾病是糖尿病病人最重要的合并症之一。我国的发病率亦呈上升趋势，目前已成为终末期肾脏病的第二位原因，仅次于各种肾小球肾炎。由于其存在复杂的代谢紊乱... '),('016','消化内科','消化内科常见疾病 专业胃肠医院仪器有阿帕奇立体影像胃肠检测仪,奥林巴斯超细胃肠镜..'),('017','呼吸内科','治疗作用通过保护整个TGF-β1信号通路来实现,而不是通过抑制某一种信号蛋白或细胞因子。 呼吸科的相似突破 我们对于慢性呼吸系统疾病相似的最新...'),('018','泌尿内科(肾病内科)','泌尿科是外科范畴,肾内科是内科范畴. 你的情况可以先挂肾内科...'),('019','神经内科','神经内科临床常用药物简介降颅压及脱水、利尿药甘露醇(Mannitolum,D-mannitol)★药理作用:高渗性利尿,通过产生组织脱水而降颅压。静脉注入后约20-30分...'),('020','血液科','血液科常用检验的正常值及意义 刘春秀 2015年4月 学习目的: 1、讨论血液科有...4、D-Ⅱ聚体(DD)正常值:<200ug/L 临床意义:1)DD是纤溶酶作用于交联纤维...'),('021','肿瘤科 ','肿瘤-肿瘤(tumor)是机体在各种致癌因素作用下,局部组织的某一个细胞在基因水平上失去对其生长的正常调控,导致其克隆性异常增生而形成的新生物(neogrowth),因为这种...'),('022','肾内科 ','多见于急性肾炎、慢性肾炎及继发性肾炎,又称肾小球源性血尿或内科性血尿(...正常人肌酐的排泄主要通过肾小球的滤过作用,原尿中的肌酐不被肾小管重吸...'),('023','血液净化中心','无肝素透析、体外肝素化透析、腹膜透析、腹水回输、持续性血液净化治疗(CRRT)等...作用后的病人血液通过血液监护警报系统返回病人体内,同时透析用后的液体作为废液...'),('024','核医学科','核医学是采用核技术来诊断、治疗和研究疾病的一门新兴学科。 至于核医学科,就是利用核医学技术诊断和治疗的科室。 通俗的说,核医学科大致包含两个内容:...'),('025','急诊科 ','医院急诊科应加强工作流程和细节管理,强化各级医护人员的急救意识,提高了急救应急反应速度,从优化工作流程入手,做到接警、出车、现场急救和转运...'),('026','体检中心 ','体检中心，指的是检查人体健康状况，拥有完整的设备和人力，能检查出身体的疾病和健康评估的场所。在整个初期建设中，要遵循一体化设计的原则，即根据用户实际情... '),('027','B超心电图室 ','B超心电图室有彩超(LOGIQ-3配有腹部探头、腔内探头及高频探头)、黑白B超、脑多普勒超声仪、12导联全自动心电图诊断仪、心电工作站、24小时动态心电图及动态...'),('028','皮肤性病科  ','皮肤性病科的病因你好!皮肤病病因主要病因: 理化因素、生物因素、食物与其他疾病、遗传、神经精神因素、代谢与内分泌因素皮肤病疾病病因 1...'),('029','头颈外科 ','头颈外科是耳鼻咽喉科的一门延伸学科，是为适应头颈部与耳鼻咽喉科相关恶性肿瘤的临床诊治与科研的需要而逐步发展起来的。头颈外科疾病根据发病时间、部位及性质的不同可以分为很多种，总体概括为：颈的先天性疾病及畸形、颈部炎性疾病、颈部血管性疾病、甲状腺和甲状旁腺疾病、下颌下腺疾病、腮腺疾病... '),('030','乳腺甲状腺外科 ','甲状腺素有对抗乳腺癌发生的作用。甲减患者甲状腺素水平降低,患乳腺...这时候可以求助于外科医生,通过手术切除增生肥大的乳房组织,来改善外观。 ...'),('031','病理科 ','病理科是大型综合医院必不可少的科室之一，其主要任务是在医疗过程中承担病理诊断工作，包括通过活体组织检查、脱落和细针穿刺细胞学检查以及尸体剖检，为临床提供明确的病理诊... '),('032','微创介入医学中心 ','微创介入治疗会有副作用吗? 4. 肝癌的介入治疗...医师介绍 : 医师介绍:毕业于河南省新乡医学院。毕业后在河南省信阳市肿瘤医院和...'),('033','康复理疗科 ',' 康复理疗又称为康复物理治疗,是集运动治疗、作业治疗、言语治疗、物理治疗、针灸、拨罐、按摩于一体的综合性治疗室。设有诊疗室、牵引室、理疗室、针灸室、康复...'),('034','药剂科','药剂科对药剂的管理水平直接影响医院各个部门的正常工作和运转,然而我国药剂科管理现状并不乐观,如药剂质量检测、从业人员素质水准以及针对药物实验等方面都...'),('035','预防保健科 ','预防保健科很普遍,即便是偏远地区都会有这样一个设置,对于当地而言,预防保健科在疾病预防以及妇女儿童保健都会有很重要的作用。 预防保健科不仅...'),('036','内分泌科','内分泌科是医院中一个专门治疗内分泌科疾病的地方，主要负责糖尿病、肥胖症、骨质疏松、痛风、脂质代谢紊乱以及甲状腺、垂体、肾上腺、性腺、甲状旁腺等疾病的临床诊治。 '),('037','普通外科(简称普外)','普通外科学是临床外科学根据治疗目标的不同而分工的一种。（现专指各种腹腔、乳房、甲状腺及简单的皮肤外科）。 '),('038','心胸外科','心胸外科包含心脏外科和普胸外科的疾病,心外科研究心脏大血管创伤、心包疾病、先天性心脏病、后天性心脏瓣膜病、缺血性心脏...'),('039','肛肠外科','肛肠外科是以手术为主要方法治疗发生于肛门和大肠部位的肿瘤、外伤及其他疾病的临床学科，肛肠疾病以发生在肛门直肠肠段最多见。'),('040','麻醉科 ','目的 探讨改变麻醉医师在麻醉过程中将所有工作“一肩挑”的模式.方法 麻醉护士参与麻醉科药品管理,麻醉前准备,麻醉中配合,麻醉后护理,感染的管理及高值耗材和设备的管...');

/*Table structure for table `doctor` */

DROP TABLE IF EXISTS `doctor`;

CREATE TABLE `doctor` (
  `dNumber` VARCHAR(20) NOT NULL,
  `name` VARCHAR(20) NOT NULL,
  `dPwd` VARCHAR(15) NOT NULL,
  `cNumber` VARCHAR(20) NOT NULL,
  `dInfo` VARCHAR(200) NOT NULL,
  `dResume` VARCHAR(200) NOT NULL,
  `dTel` VARCHAR(11) NOT NULL,
  `dEmail` VARCHAR(30) NOT NULL,
  `image` VARCHAR(50) DEFAULT NULL,
  PRIMARY KEY (`dNumber`),
  KEY `name` (`cNumber`),
  CONSTRAINT `name` FOREIGN KEY (`cNumber`) REFERENCES `department` (`cNumber`) ON DELETE CASCADE ON UPDATE CASCADE
) ENGINE=INNODB DEFAULT CHARSET=utf8;

/*Data for the table `doctor` */

INSERT  INTO `doctor`(`dNumber`,`name`,`dPwd`,`cNumber`,`dInfo`,`dResume`,`dTel`,`dEmail`,`image`) VALUES ('001','秦亚飞','123456','001','无','无','13423213109','ad@163.com',NULL),('002','马力','123456','002','暂无','护士','13456781213','13123@163.com','\\1493895521721.jpg'),('003','小雨','123456','003','暂无','护士','17232131313','211@163.com','\\1493895858318.jpg'),('004','吴宇','123456','004','暂无','初级护士','13423124230','352@12932.com','\\1493535987891.jpg'),('005','王五','123456','005','副教授','副教授','15232131313','1232131313@163.com','\\1493895313948.jpg'),('006','王赛','123456','006','主治医生','教授','15342234232','64535234@163.com','\\upload\\1494512028205.jpg'),('007','张明','123456','007','主治医生','副教授','13523123011','12312311@163.com','\\upload\\1494555343042.jpg'),('008','罗文畅','123456','008','实习生','实习生','13612345738','123@163.com','\\upload\\1495029289727.jpg'),('009','马东','123456','009','hahai','教授','15231312123','3213@163.com','\\1494398228907.jpg'),('010','张数','123456','010','无','无','15345621031','ad@163.com',NULL),('011','马力大','123456','011','暂无','护士','15633435213','13123@163.com','\\1493895521721.jpg'),('012','东方于','123456','012','暂无','护士','15462131313','211@163.com','\\1493895858318.jpg'),('013','非佛','123456','013','暂无','初级护士','17223124023','352@12932.com','\\1493535987891.jpg'),('014','迪欧','123456','014','副教授','副教授','13423213313','1232131313@163.com','\\1493895313948.jpg'),('015','覅看','123456','015','主治医生','教授','13402234232','64535234@163.com','\\upload\\1494512028205.jpg'),('016','心雨','123456','016','主治医生','副教授','13465789109','12312311@163.com','\\upload\\1494555343042.jpg'),('017','罗大友','123456','017','实习生','实习生','13638123567','123@163.com','\\upload\\1495029289727.jpg'),('018','马芸','123456','018','hahai','教授','15623131023','3213@163.com','\\1494398228907.jpg'),('019','卡里','123456','019','hahai','教授','15230813123','3213@163.com','\\1494398228907.jpg'),('020','欧西','123456','020','hahai','教授','17237813123','3213@163.com','\\1494398228907.jpg'),('021','秦汉','123456','021','无','无','13409862131','ad@163.com',NULL),('022','马思议','123456','022','暂无','护士','13457761213','13123@163.com','\\1493895521721.jpg'),('023','小天','123456','023','暂无','护士','15232131930','211@163.com','\\1493895858318.jpg'),('024','吴汉宇','123456','024','暂无','初级护士','13456231423','352@12932.com','\\1493535987891.jpg'),('025','王丝丝','123456','025','副教授','副教授','15623083313','1232131313@163.com','\\1493895313948.jpg'),('026','王甜心','123456','026','主治医生','教授','16452234232','64535234@163.com','\\upload\\1494512028205.jpg'),('027','张飞','123456','027','主治医生','副教授','18972312311','12312311@163.com','\\upload\\1494555343042.jpg'),('028','罗照鑫','123456','028','实习生','实习生','13788066738','123@163.com','\\upload\\1495029289727.jpg'),('029','马迪迪','123456','029','hahai','教授','15208313123','3213@163.com','\\1494398228907.jpg'),('030','张斯奥','123456','030','无','无','15407897131','ad@163.com',NULL),('031','马菲菲','123456','031','暂无','护士','15456345213','13123@163.com','\\1493895521721.jpg'),('032','东方香','123456','037','暂无','护士','15232768313','211@163.com','\\1493895858318.jpg'),('033','欧翡翠','123456','032','暂无','初级护士','17204223423','352@12932.com','\\1493535987891.jpg'),('034','迪力热巴','123456','033','副教授','副教授','17232131313','1232131313@163.com','\\1493895313948.jpg'),('035','戴安','123456','034','主治医生','教授','17812234232','64535234@163.com','\\upload\\1494512028205.jpg'),('036','李心雨','123456','035','主治医生','副教授','13412312311','12312311@163.com','\\upload\\1494555343042.jpg'),('037','罗磊','123456','036','实习生','实习生','13612345889','123@163.com','\\upload\\1495029289727.jpg'),('038','马思杰','123456','038','hahai','教授','13456789011','3213@163.com','\\1494398228907.jpg');

/*Table structure for table `feedback` */

DROP TABLE IF EXISTS `feedback`;

CREATE TABLE `feedback` (
  `id` INT(11) NOT NULL AUTO_INCREMENT,
  `fname` VARCHAR(20) NOT NULL DEFAULT '匿名',
  `ftime` VARCHAR(30) NOT NULL,
  `message` VARCHAR(200) NOT NULL,
  PRIMARY KEY (`id`)
) ENGINE=INNODB AUTO_INCREMENT=41 DEFAULT CHARSET=utf8;

/*Data for the table `feedback` */

INSERT  INTO `feedback`(`id`,`fname`,`ftime`,`message`) VALUES (1,'张三','2017-04-25 17:22:50','某个医生服务态度不好'),(2,'李四','2017-05-05 20:14:00','服务好'),(3,'王五','2017-04-25 17:22','服务态度差！'),(4,'赵六','2017-05-09 16:46','舒服多了'),(5,'田七','2017-11-09 16:59','好多了'),(6,'文八','2017-12-09 20:15','卢本伟牛逼'),(7,'秦九','2017-05-12 10:07','好评'),(8,'刘邦','2017-05-12 10:07','医院消费太高了'),(9,'诸葛亮','2017-05-12 10:07','笑哭 哭笑 笑出眼泪 破涕为笑 笑死 笑尿 笑cry！'),(10,'谁便','2017-05-12 10:07','医院消费太高了！'),(11,'杨洁','2017-05-12 10:07','服务好'),(12,'尽快','2017-05-12 10:07','服务好'),(13,'按时','2017-05-12 10:07','环境......！'),(14,'预览','2017-05-12 10:07','医生医术精湛！'),(15,'啊啊','2017-11-12 10:07','护士技术...！'),(16,'笨蛋','2017-10-12 10:07','伤心...！'),(17,'卢本伟','2017-06-12 10:07','服务好！'),(18,'马飞','2017-05-12 10:07','服务好！'),(19,'减肥','2017-05-12 10:07','服务好！'),(20,'游泳','2017-05-12 10:07','服务差！'),(21,'张小米','2018-01-25 17:22:50','某个医生服务态度不好'),(22,'李天','2018-03-05 20:14:00','服务好'),(23,'王二','2018-01-25 17:22','服务态度差！'),(24,'赵甜甜','2017-05-09 16:46','舒服多了'),(25,'田珍珠','2018-01-09 16:59','好多了'),(26,'文明','2017-05-09 20:15','卢本伟牛逼'),(27,'秦小夏','2017-05-12 10:07','好评'),(28,'刘鑫','2017-05-12 10:07','医院消费太高了'),(29,'迪欧','2017-05-12 10:07','笑哭 哭笑 笑出眼泪 破涕为笑 笑死 笑尿 笑cry！'),(30,'张低筋粉','2018-01-12 10:07','医院消费太高了！'),(31,'杨清','2017-05-12 10:07','服务好'),(32,'湛蓝的天空','2017-05-12 10:07','服务好'),(33,'微笑止了痛','2017-11-12 10:07','环境......！'),(34,'爆爆爆爆吧','2017-05-12 10:07','医生医术精湛！'),(35,'云喜红','2017-12-12 10:07','护士技术...！'),(36,'搞事情','2017-05-12 10:07','伤心...！'),(37,'小覅工农','2017-05-12 10:07','服务好！'),(38,'马大丰收','2017-05-12 10:07','服务好！'),(39,'斯蒂芬','2018-01-12 10:07','服务好！'),(40,'大风刮过','2018-02-12 10:07','服务差！');

/*Table structure for table `new` */

DROP TABLE IF EXISTS `new`;

CREATE TABLE `new` (
  `id` INT(11) NOT NULL AUTO_INCREMENT,
  `title` VARCHAR(225) NOT NULL,
  `content` VARCHAR(225) NOT NULL,
  `time` VARCHAR(30) NOT NULL,
  PRIMARY KEY (`id`)
) ENGINE=INNODB AUTO_INCREMENT=41 DEFAULT CHARSET=utf8;

/*Data for the table `new` */

INSERT  INTO `new`(`id`,`title`,`content`,`time`) VALUES (3,'北京大学口腔医院调整放号周期通知','北京大学口腔医院  在贯彻北京市卫生和计生委预约挂号服务过程中，针对我院爽约率一直较高，结合进一步改善医疗服务及患者多次要求我院缩短预约周期的建议，故我院于2017年3月29日起对各专业的主治医师以上号源周期从2周调整为1周、普通号源预约周期从3个月调整至2周，即各专业主治医师以上号源2017-04-06日开始更新、普通号源2017-06-15日开始更新。对您造成的不便敬请谅解',' 2017-04-26 03:55'),(4,'系统检修暂停服务的公告','北京大学口腔医院  在贯彻北京市卫生和计生委预约挂号服务过程中，针对我院爽约率一直较高，结合进一步改善医疗服务及患者多次要求我院缩短预约周期的建议，故我院于2017年3月29日起对各专业的主治医师以上号源周期从2周调整为1周、普通号源预约周期从3个月调整至2周，即各专业主治医师以上号源2017-04-06日开始更新、普通号源2017-06-15日开始更新。对您造成的不便敬请谅解',' 2017-04-26 03:58'),(6,'系统升级','即日起，系统升级中，大概时间预计到2017/5/10系统升级完毕',' 2017-05-04 03:08'),(7,'我院举办2017年度住院医师规范化培训学员综合考核','2月8-9日，我院住院医师规范化培训管理委员会联合教学部举办了2017年度住院医师规范化培训学员综合考核，副院长张思森、副院长杨玉伦等领导出席学员述职汇报会，我院2016级、2017级住院医师规范化培训全体学员共计148人参加了本次综合考核。',' 2017-05-04 03:15'),(8,'“小支点”撬起郑医专科护理 “大格局” ——护理部召开2017年度专科护理学组工作汇报会','1月29日在门诊8楼学术报告厅，护理部组织召开了2017年专科护理学组工作总结汇报会，全体护士长、专科小组成员等200余人参加。 ',' 2017-05-04 03:15'),(9,'学习培训求提升，引领全院担重任','近日，我院静疗团队进行了专项培训，因在医院护士长竞聘中有10名成员成为护士长，4名进入后备护士长队伍，静疗团队于10月20日对成员进行重新确定，本次课程也是对新确定的成员进行的第一次培训。',' 2017-05-04 03:15'),(10,'你好，十九大！加油，郑医！','10月18日上午9时，中国共产党第十九次全国代表大会在人民大会堂隆重开幕，习近平代表第十八届中央委员会向党的十九大作报告。 ',' 2017-10-19 03:15'),(11,'我院组织2017年消防实地灭火演练','全国消防安全宣传教育日将至，郑州人民医院安保部于10月27日上午，组织安保人员和各科室义务消防员近200人，前往南阳路消防中队参加消防实地灭火演练。 ',' 2017-10-27 03:15'),(12,'手工胎教，孕妈插花，一场馨香之约','9月28日下午，郑州人民医院在门诊7楼会议室举办了“喜迎双节——孕妈插花课堂”，20多位孕妈妈参加了此次活动',' 2017-10-09 03:15'),(13,'手机扫码、在线考试……2017年度护士“三基三严”考试完美收关','我院2017年度护士“三基三严”考试顺利进行12月28日中午，我院2017年度护理人员“三基三严”理论考试顺利结束。本次考试全部采用信息化在线随机出题形式，近1200人在新落成的医学教育中心电子阅览室参加了本次考试。',' 2017-12-28 03:15'),(14,'“助扶贫之力 创慈善之城” 郑州人民医院与郑州百年职校强强联合为学生送健康','近日，郑州人民医院和郑州百年职校决定建立更加密切的互动联系，共建“郑州人民医院健康教育基地”和“郑州百年职校志愿服务基地”，并于10月13日下午成功举办了以“助扶贫之力 创慈善之城”为主题的基地授牌仪式。郑州慈善总会及省市多家媒体参与并见证了仪式。 ',' 2017-10-13 03:15'),(15,'2017“感动中原”十大年度人物宣传推介活动暨“河南好人”正式启动 “最美护士”马丹代表郑州人民医院医护群体发言','10月12日上午，2017“感动中原”十大年度人物宣传推介活动暨“河南好人”的启动仪式在河南广播大厦隆重举行。 ',' 2017-10-12 03:15'),(16,'唱响历史与激情，这个百人合唱团很给力！',' 9月12日，在河南省电视台1500平米演播厅，河南省总工会组织的“中国梦·劳动美--永远跟党走”喜迎党的十九大文艺汇演上，由我院工会组织的100名职工合唱团，精心编排的《工人阶级硬骨头》歌曲大合唱，工会副主席马丽娜参与领唱的歌曲《我的中国梦》，成了全场的亮点。 ',' 2017-09-12 03:15'),(17,'我院开展“三基三严”考试培训','为增强我院卫生技术人员的规范意识、质量意识和安全意识，促进我院卫生技术人员练好基本功，提高医疗队伍的业务素质及基本技能，进一步提高医疗质量，确保医疗安全，我院于11月——12月期间开展了医务人员“三基三严”考核活动，其中包括理论知识、临床基本技能、急救技能操作等方面内容。 ',' 2017-10-04 03:15'),(18,'一场穿越22年的“爱恋”','“李奶奶，非常感谢您多年来对我们的信任，马上您就要出院回深圳了，我们给你订了蛋糕，举行了一个小的欢送仪式。”',' 2017-05-04 03:15'),(19,'郑州人民医院领导慰问驻村工作队 加油打气暖人心','预报有降雪，气温骤降，郑州人民医院纪委书记宋连英、党办主任于莉一行冒着凛冽寒风，来到新郑市观音寺镇前河刘村慰问郑州人民医院派驻在此的群众工作队，送来了棉衣、棉被、取暖器和食品等慰问品。',' 2017-05-04 03:15'),(20,'新闻动态我院邀请教师参观体验 献礼教师节','浓情九月，秋风送爽，2017年9月9日为了庆祝教师节来临之际，我院开展了“献礼教师节 情系光明路”为主题的第十二期居民体验活动。活动当天邀请了铁道警察学校及郑州市社科院的在职及已退休的教师共计32名教师前来参观体验。 ',' 2017-09-09 03:15'),(21,'我院健康医学中心正式启用','近日，郑州人民医院健康医学中心正式启用。健康医学中心包括健康管理中心（原体检科）、内分泌科、普通内科、心脏康复病区（高血压病区）四部分，位于郑州市文化路黄河路交叉口向西200米路北，医院急诊科西边。与老院区相比，全新的健康医学中心窗明几净、场地宽敞、功能齐全、焕然一新。',' 2017-05-04 03:15'),(22,'我院成功召开“第二届远程网络心电研讨会”','2017年12月20日，由郑州人民医院心功能科主办的国家级继续教育项目“第二届远程网络心电研讨会”暨科技惠民计划项目“远程心电融合物联网技术在基层医疗机构和社区家庭中的示范作用”应用培训在门诊八楼学术报告厅成功举办。 ',' 2017-12-20 03:15'),(23,'医务人员遇上春节，原来是酱紫的！','春节是全家团聚的日子春节是走亲访友的日子然而，有这么一群可爱可敬的医护人员他们把春节当作平日工作把无私奉献当作使命与担当把最宝贵的团聚时光奉献给患者他们无怨无悔他们心甘情愿用牺牲自我的精神书写医护者的大爱 ',' 2018-01-04 03:15'),(24,' “东方神眼”入驻郑医深入合作，为您精准“读片” ','3月9日，郑州人民医院将与有“东方神眼”之称的全国著名医学影像诊断专家、上海复旦大学华东医院张国桢教授举行揭牌仪式，该团队将正式入驻郑医。 ',' 2018-03-09 03:15'),(25,'糖友们福利来啦！全方位周期健康服务等你加入！','春节期间亲友团聚，各种水果、点心、美食席卷餐桌，糖尿病人饮食失控，生活节奏也被改变。大批糖尿病患者因为管不住嘴节后扎堆入院，今年也不例外。那么，糖友们该如何科学持续有效的保持自己的血糖、血压、血脂、血尿酸、体重等长期平稳达标呢？',' 2018-02-05 03:15'),(26,'一场应急大演练，保障大家平安过大年','为有效预防、及时控制、科学处置春节期间突发公共卫生应急事件，检测医务人员应急响应和应急救援处置能力，维持节日期间正常医疗秩序，最大程度减少突发事件造成的危害，保障公众身心健康与生命安全，我院于2月9日晚7:40举行节前卫生应急演练。 ',' 2018-01-14 03:15'),(27,'创新护理服务，只为让患者在这里更舒心','12月21日、22日，第六期课威高护理管理高阶培训班程，在我院门诊八楼礼堂举行。全院各科室护士长及护士长后备队伍近100人参加了本次培训。本次主讲周莺燕老师主要围绕优质护理服务，以及护理服务的创新等方面开展授课，带领大家进行了一场思想革命。 ',' 2018-01-24 03:15'),(28,'那一刻！监控再次记录下她们最拼的一幕！','4岁男童高烧惊厥抢救时不我待她的拇指被孩子咬伤她抱着孩子差点跑掉鞋子她们当时的内心只有一个想法为孩子抢救争取时间4岁男童高烧惊厥 浑身抽搐还咬了她一口“大夫，大夫，我孩子高烧惊厥，浑身抽搐，谁能帮我看看！” ',' 2018-01-04 03:15'),(29,'我院举办第二期科研信息素养培训会','12月22日上午10:30，第二期科研信息素养培训会在6号楼5楼学术报告厅举行。我院特邀请迈特思创（医学外文数据库）学术推广师高海运来为大家讲解《临床诊疗知识和科研信息服务平台》。 ',' 2018-01-04 03:15'),(30,'防范医疗纠纷，听法学专家怎么说','北京大成（郑州）律师事务所与我院有着长期的合作关系，而马宗瑞律师有医学和法学双重教育背景，担任多家医疗机构法律顾问，有500余场医疗纠纷诉讼案件的实战经验。同时，马律师也是河南电视台政法频道《法制讲堂》栏目的主讲人。',' 2018-01-04 03:15'),(31,'我院顺利完成120中心年终考核','12月22日下午，以郑州市紧急医疗救援中心副主任康晓琴为组长的考核小组莅临我院，对我院急救站2017年院前急诊工作进行指导考核。副院长李培亮、院长助理刘永瑞以及急诊科、医务部、护理部、感染办、信息部的负责人参加考核。 ',' 2017-12-22 03:15'),(32,'提升品质 精进技能——持续加强护士长培训','为全面提升护士长综合能力，结合工作实际，在全院护理人员“三基三严”技能考核结束后。12月14日-15日，护理部组织护士长、后备护士长进行了简易呼吸器使用技术、心脏电除颤技术的急救技能考核。以期通过护士长带动全体护理人员急救意识和急救技能不断提升。 ',' 2018-02-04 03:15'),(34,'我院参加新时代公立医院建设与发展“珠江论坛”','新时代公立医院建设与发展“珠江论坛”暨南方医科大学珠江医院70周年学术活动在广州珠岛宾馆八角楼学术报告厅举行，我院张思森副院长带队参会。',' 2018-03-04 03:15'),(35,'我院成功召开“高尿酸血症多学科专家共识解读会议”','由郑州人民医院风湿免疫科主办、肾内科及心血管内科鼎力支持共同参与举办的“高尿酸血症多学科专家共识解读”会议在门诊八楼礼堂顺利举办',' 2018-03-14 03:15'),(36,'省、市卫计委领导调研我院对外合作交流工作','3月4日上午8:00-10:30，河南省卫计委合作交流处处长郭万申、副处长任伟，郑州市卫计委副主任兰维娜、合作交流处处长田磊、副处长尚鹏及省、市卫计委合作交流处的工作人员一行9人莅临我院，就郑州市卫计委及郑州人民医院在近三年来对外合作交流层面的工作情况进行现场调研。',' 2018-03-04 03:15'),(37,'学习培训求提升，引领全院担重任','近日，我院静疗团队进行了专项培训，因在医院护士长竞聘中有10名成员成为护士长，4名进入后备护士长队伍，静疗团队于10月20日对成员进行重新确定，本次课程也是对新确定的成员进行的第一次培训。',' 2018-03-04 03:15'),(38,'我院成功召开“慢性肾脏病一体化治疗高峰论坛”','11月25日，由郑州人民医院器官移植中心主办的国家级继续教育项目“慢性肾脏病一体化治疗高峰论坛”在门诊八楼礼堂顺利举办。 ',' 2018-01-04 03:15'),(39,'不忘初心 牢记使命—我院召开学习宣传贯彻党的十九大精神动员大会','院长郝义彬在黄娟书记领学之后发表了讲话，强调全院干部职工要高度重视学习宣传贯彻十九大精神的重要意义，把思想和行动统一到党中央的决策部署上来。 ',' 2018-02-04 03:15'),(40,'羡慕吗？这次又是别人家的餐厅','精致的甜品、精美的瓜雕、彩色的气球、六层高的生日蛋糕，以及种类繁多的菜品和面点，还有一颗颗棒棒糖连接而成的彩色主题，都是为前来餐厅就餐的郑医职工们准备的。为了这一天，餐厅的工作人员和后厨们提前两三天就开始对餐厅进行布置。',' 2018-02-04 03:15');

/*Table structure for table `qruser` */

DROP TABLE IF EXISTS `qruser`;

CREATE TABLE `qruser` (
  `uuid` VARCHAR(255) NOT NULL,
  `dNumber` VARCHAR(20) NOT NULL
) ENGINE=INNODB DEFAULT CHARSET=utf8;

/*Data for the table `qruser` */

/*Table structure for table `sche` */

DROP TABLE IF EXISTS `sche`;

CREATE TABLE `sche` (
  `sNumber` VARCHAR(20) NOT NULL DEFAULT '1',
  `dNumber` VARCHAR(20) NOT NULL DEFAULT '1',
  `cNumber` VARCHAR(20) NOT NULL DEFAULT '1',
  `total` INT(10) NOT NULL DEFAULT '0',
  `price` VARCHAR(30) NOT NULL DEFAULT '0',
  `sTime` VARCHAR(50) NOT NULL DEFAULT '1',
  `eTime` VARCHAR(50) NOT NULL DEFAULT '1',
  `status` VARCHAR(10) DEFAULT '停诊',
  PRIMARY KEY (`sNumber`),
  KEY `cN` (`cNumber`),
  KEY `dN` (`dNumber`),
  CONSTRAINT `cN` FOREIGN KEY (`cNumber`) REFERENCES `department` (`cNumber`) ON DELETE CASCADE ON UPDATE CASCADE,
  CONSTRAINT `dN` FOREIGN KEY (`dNumber`) REFERENCES `doctor` (`dNumber`) ON DELETE CASCADE ON UPDATE CASCADE
) ENGINE=InnoDB DEFAULT CHARSET=utf8;

/*Data for the table `sche` */

insert  into `sche`(`sNumber`,`dNumber`,`cNumber`,`total`,`price`,`sTime`,`eTime`,`status`) values ('001','001','001',12,'2120','2017-05-05 10:15','2017-05-12 17:00','停诊'),('002','002','002',50,'1500','2017-05-12 10:10','2017-05-12 19:00','就诊'),('003','004','003',15,'20000','2018-02-04 08:30','2018-04-12 18:00','就诊'),('004','006','004',25,'2089','2017-05-04 08:30','2017-05-12 18:00','停诊'),('005','007','005',12,'2197','2018-01-17 09:55','2018-02-19 21:55','就诊'),('006','008','006',12,'21867','2017-05-05 10:15','2017-05-12 17:00','停诊'),('007','009','007',50,'1787685','2017-11-12 10:10','2017-12-12 19:00','就诊'),('008','011','008',15,'2780','2017-11-04 08:30','2017-12-10 18:00','就诊'),('009','012','009',25,'28780','2017-05-04 08:30','2017-05-12 18:00','停诊'),('010','013','010',12,'27871','2017-05-17 09:55','2017-05-19 21:55','就诊'),('011','014','011',12,'2120','2017-05-05 10:15','2017-05-12 17:00','停诊'),('012','015','012',50,'1500','2017-05-12 10:10','2017-05-12 19:00','就诊'),('013','016','013',15,'20000','2018-02-04 08:30','2018-04-12 18:00','就诊'),('014','017','014',25,'2089','2017-05-04 08:30','2017-05-12 18:00','停诊'),('015','018','015',12,'2197','2018-01-17 09:55','2018-02-19 21:55','就诊'),('016','019','016',12,'21867','2017-05-05 10:15','2017-05-12 17:00','停诊'),('017','022','017',50,'1787685','2017-11-12 10:10','2017-12-12 19:00','就诊'),('018','031','018',15,'2780','2017-11-04 08:30','2017-12-10 18:00','就诊'),('019','021','019',25,'28780','2017-05-04 08:30','2017-05-12 18:00','停诊'),('020','040','020',12,'27871','2017-05-17 09:55','2017-05-19 21:55','就诊');

/*Table structure for table `uorder` */

DROP TABLE IF EXISTS `uorder`;

CREATE TABLE `uorder` (
  `oNumber` int(10) NOT NULL AUTO_INCREMENT,
  `sNumber` varchar(20) NOT NULL,
  `id` int(20) NOT NULL COMMENT 'yonghu di',
  `oTime` varchar(20) NOT NULL DEFAULT 'CURRENT_TIMESTAMP',
  `price` varchar(30) NOT NULL,
  `status` int(11) NOT NULL,
  PRIMARY KEY (`oNumber`),
  KEY `i` (`id`),
  KEY `sN` (`sNumber`),
  CONSTRAINT `i` FOREIGN KEY (`id`) REFERENCES `user` (`id`) ON DELETE CASCADE ON UPDATE CASCADE,
  CONSTRAINT `sN` FOREIGN KEY (`sNumber`) REFERENCES `sche` (`sNumber`) ON DELETE CASCADE ON UPDATE CASCADE
) ENGINE=InnoDB AUTO_INCREMENT=142 DEFAULT CHARSET=utf8;

/*Data for the table `uorder` */

insert  into `uorder`(`oNumber`,`sNumber`,`id`,`oTime`,`price`,`status`) values (1,'010',1,'2017-05-05 14:40:44','1200',1),(2,'013',1,'2017-05-04 22:34:00','17892',1),(3,'016',1,'2017-05-04 22:34:00','189742',1),(4,'011',3,'2017-09-04 22:34:00','10802',1),(5,'020',2,'2018-03-11 11:54','17862',1),(6,'007',2,'2017-05-11 11:56','120',1),(7,'004',10,'2017-05-11 16:58','17682',1),(8,'019',5,'2017-05-11 17:17','14552',1),(9,'001',2,'2017-05-12 10:05','1542',1),(10,'013',5,'2017-05-17 23:09','1542',1),(11,'001',5,'2017-05-17 23:35','5621',1),(12,'011',1,'2017-05-05 14:40:44','4512',1),(13,'020',1,'2017-05-04 22:34:00','34512',1),(14,'019',1,'2018-02-04 22:34:00','1412',1),(15,'018',3,'2017-05-04 22:34:00','4512',1),(16,'016',2,'2017-05-11 11:54','54312',1),(17,'012',2,'2018-01-11 11:56','5412',1),(18,'011',10,'2017-05-11 16:58','5412',1),(19,'005',5,'2017-05-11 17:17','54312',1),(20,'003',2,'2017-05-12 10:05','4512',1),(21,'004',5,'2017-05-17 23:09','5412',1),(22,'009',5,'2017-05-17 23:35','4521',1),(23,'010',1,'2017-05-05 14:40:44','1200',1),(24,'013',1,'2017-05-04 22:34:00','17892',1),(25,'016',1,'2017-05-04 22:34:00','189742',1),(27,'011',3,'2017-09-04 22:34:00','10802',1),(28,'020',2,'2018-03-11 11:54','17862',1),(29,'007',2,'2017-05-11 11:56','120',1),(30,'004',10,'2017-05-11 16:58','17682',1),(31,'019',5,'2017-05-11 17:17','14552',1),(32,'001',2,'2017-05-12 10:05','1542',1),(33,'013',5,'2017-05-17 23:09','1542',1),(34,'001',5,'2017-05-17 23:35','5621',1),(35,'011',1,'2017-05-05 14:40:44','4512',1),(36,'020',1,'2017-05-04 22:34:00','34512',1),(37,'019',1,'2018-02-04 22:34:00','1412',1),(38,'018',3,'2017-05-04 22:34:00','4512',1),(39,'016',2,'2017-05-11 11:54','54312',1),(40,'012',2,'2018-01-11 11:56','5412',1),(41,'011',10,'2017-05-11 16:58','5412',1),(42,'005',5,'2017-05-11 17:17','54312',1),(43,'003',2,'2017-05-12 10:05','4512',1),(44,'004',5,'2017-05-17 23:09','5412',1),(45,'009',5,'2017-05-17 23:35','4521',1),(46,'010',1,'2017-05-05 14:40:44','1200',1),(47,'013',1,'2017-05-04 22:34:00','17892',1),(48,'016',1,'2017-05-04 22:34:00','189742',1),(49,'011',3,'2017-09-04 22:34:00','10802',1),(50,'020',2,'2018-03-11 11:54','17862',1),(51,'007',2,'2017-05-11 11:56','120',1),(52,'004',10,'2017-05-11 16:58','17682',1),(53,'019',5,'2017-05-11 17:17','14552',1),(54,'001',2,'2017-05-12 10:05','1542',1),(55,'013',5,'2017-05-17 23:09','1542',1),(56,'001',5,'2017-05-17 23:35','5621',1),(57,'011',1,'2017-05-05 14:40:44','4512',1),(58,'020',1,'2017-05-04 22:34:00','34512',0),(59,'019',1,'2018-02-04 22:34:00','1412',1),(60,'018',3,'2017-05-04 22:34:00','4512',1),(61,'016',2,'2017-05-11 11:54','54312',1),(62,'012',2,'2018-01-11 11:56','5412',1),(63,'011',10,'2017-05-11 16:58','5412',0),(64,'005',5,'2017-05-11 17:17','54312',1),(65,'003',2,'2017-05-12 10:05','4512',1),(66,'004',5,'2017-05-17 23:09','5412',0),(67,'009',5,'2017-05-17 23:35','4521',1),(68,'010',1,'2017-05-05 14:40:44','1200',1),(69,'013',1,'2017-05-04 22:34:00','17892',1),(70,'016',1,'2017-05-04 22:34:00','189742',1),(71,'011',3,'2017-09-04 22:34:00','10802',1),(72,'020',2,'2018-03-11 11:54','17862',1),(73,'007',2,'2017-05-11 11:56','120',1),(74,'004',10,'2017-05-11 16:58','17682',1),(75,'019',5,'2017-05-11 17:17','14552',1),(76,'001',2,'2017-05-12 10:05','1542',1),(78,'013',5,'2017-05-17 23:09','1542',1),(79,'001',5,'2017-05-17 23:35','5621',1),(80,'011',1,'2017-05-05 14:40:44','4512',1),(81,'020',1,'2017-05-04 22:34:00','34512',0),(82,'019',1,'2018-02-04 22:34:00','1412',1),(83,'018',3,'2017-05-04 22:34:00','4512',1),(84,'016',2,'2017-05-11 11:54','54312',1),(85,'012',2,'2018-01-11 11:56','5412',1),(86,'011',10,'2017-05-11 16:58','5412',0),(87,'005',5,'2017-05-11 17:17','54312',1),(88,'003',2,'2017-05-12 10:05','4512',1),(89,'004',5,'2017-05-17 23:09','5412',1),(90,'009',5,'2017-05-17 23:35','4521',0),(91,'010',1,'2017-05-05 14:40:44','1200',1),(92,'013',1,'2017-05-04 22:34:00','17892',1),(93,'016',1,'2017-05-04 22:34:00','189742',1),(94,'011',3,'2017-09-04 22:34:00','10802',1),(95,'020',2,'2018-03-11 11:54','17862',1),(96,'007',2,'2017-05-11 11:56','120',1),(97,'004',10,'2017-05-11 16:58','17682',1),(98,'019',5,'2017-05-11 17:17','14552',1),(99,'001',2,'2017-05-12 10:05','1542',1),(100,'013',5,'2017-05-17 23:09','1542',1),(101,'001',5,'2017-05-17 23:35','5621',1),(102,'001',1,'2017-05-05 14:40:44','4512',1),(103,'020',1,'2017-05-04 22:34:00','34512',0),(104,'019',1,'2018-02-04 22:34:00','1412',1),(105,'018',3,'2017-05-04 22:34:00','4512',1),(106,'016',2,'2017-05-11 11:54','54312',1),(107,'001',2,'2018-01-11 11:56','5412',1),(108,'011',10,'2017-05-11 16:58','5412',1),(109,'001',5,'2017-05-11 17:17','54312',1),(110,'001',2,'2017-05-12 10:05','4512',1),(112,'001',5,'2017-05-17 23:09','5412',0),(113,'001',5,'2017-05-17 23:35','4521',1);

/*Table structure for table `user` */

DROP TABLE IF EXISTS `user`;

CREATE TABLE `user` (
  `id` int(20) NOT NULL AUTO_INCREMENT,
  `uname` varchar(20) NOT NULL,
  `pwd` varchar(15) NOT NULL,
  `tel` varchar(11) NOT NULL,
  `info` varchar(200) DEFAULT NULL,
  PRIMARY KEY (`id`),
  KEY `name` (`uname`)
) ENGINE=InnoDB AUTO_INCREMENT=11 DEFAULT CHARSET=utf8;

/*Data for the table `user` */

insert  into `user`(`id`,`uname`,`pwd`,`tel`,`info`) values (1,'网速','123456','15542820326','学生'),(2,'as','123456','ew','23134'),(3,'qinyafei','123456','15542820326','beiing'),(4,'feiii','123456','15542820326','学生'),(5,'sti','123456','15542820326','学生'),(7,'da','123456','123','123'),(8,'11','123456','12131231','213'),(9,'yafei','123456','15542820326','暂无个人信息'),(10,'qinyafei','123456','15542820326','学生');

/*!40101 SET SQL_MODE=@OLD_SQL_MODE */;
/*!40014 SET FOREIGN_KEY_CHECKS=@OLD_FOREIGN_KEY_CHECKS */;
/*!40014 SET UNIQUE_CHECKS=@OLD_UNIQUE_CHECKS */;
/*!40111 SET SQL_NOTES=@OLD_SQL_NOTES */;
